{
  "project_info": {
    "project_number": "805330793762",
    "firebase_url": "https://hyeonproject-9cd52-default-rtdb.firebaseio.com",
    "project_id": "hyeonproject-9cd52",
    "storage_bucket": "hyeonproject-9cd52.firebasestorage.app"
  },
  "client": [
    {
      "client_info": {
        "mobilesdk_app_id": "1:805330793762:android:ab1f2cd9883bdbfb53a17b",
        "android_client_info": {
          "package_name": "com.example.hyeonapp"
        }
      },
      "oauth_client": [],
      "api_key": [
        {
          "current_key": "AIzaSyBcnrNCVh7mC-4tF8-RuasuEt4KnPJdc6I"
        }
      ],
      "services": {
        "appinvite_service": {
          "other_platform_oauth_client": []
        }
      }
    }
  ],
  "configuration_version": "1"
}